Volunteer__c,Training_Module__c,Status__c,Completion_Date__c,Score__c
"John Doe","Basic Construction Safety","Completed","2023-05-30","95.0"
"John Doe","Advanced Construction Leadership","In Progress","","" 
"Jane Smith","Computer Skills 101","Completed","2023-03-10","98.5"
"Jane Smith","ESL Teaching Fundamentals","Completed","2023-03-02","92.0"
"Emily Chen","Garden Planning Basics","Completed","2023-04-01","88.5"
"Emily Chen","Event Planning Essentials","In Progress","",""
"Maria Garcia","ESL Teaching Fundamentals","Completed","2023-02-05","97.0"
"Maria Garcia","Translation Best Practices","Completed","2023-02-20","94.5"
"Robert Johnson","Financial Literacy Fundamentals","Completed","2023-05-12","91.0"
"Robert Johnson","Event Planning Essentials","Not Started","",""